<?xml version="1.0" encoding="UTF-8"?>
<project-private xmlns="http://www.netbeans.org/ns/project-private/1">
    <editor-bookmarks xmlns="http://www.netbeans.org/ns/editor-bookmarks/2" lastBookmarkId="0"/>
    <open-files xmlns="http://www.netbeans.org/ns/projectui-open-files/2">
        <group>
            <file>file:/D:/Neatbens%20Project/uas%20nurul/UAS-PBO-Ganjil-23-24/netbeans%2018/src/tentang.java</file>
            <file>file:/D:/Neatbens%20Project/uas%20nurul/UAS-PBO-Ganjil-23-24/netbeans%2018/src/LoginJFrame.java</file>
            <file>file:/D:/Neatbens%20Project/uas%20nurul/UAS-PBO-Ganjil-23-24/netbeans%2018/src/BarangJFrame.java</file>
            <file>file:/D:/Neatbens%20Project/uas%20nurul/UAS-PBO-Ganjil-23-24/netbeans%2018/src/RegistrasiJFrame.java</file>
            <file>file:/D:/Neatbens%20Project/uas%20nurul/UAS-PBO-Ganjil-23-24/netbeans%2018/src/koneksi/KoneksiDatabase.java</file>
            <file>file:/D:/Neatbens%20Project/uas%20nurul/UAS-PBO-Ganjil-23-24/netbeans%2018/src/utama.java</file>
            <file>file:/D:/Neatbens%20Project/uas%20nurul/UAS-PBO-Ganjil-23-24/netbeans%2018/src/login.java</file>
        </group>
    </open-files>
</project-private>
